"Marca temporal","Composición:
Se refiere a la disposición y equilibrio de los elementos dentro del logo, incluyendo tipografía, íconos, y formas. ¿Se ve visualmente armonioso y bien estructurado?","Claridad:
Mide qué tan fácil es entender el logo a primera vista. ¿Es legible y reconocible en distintos tamaños y formatos? ¿Comunica claramente el mensaje de la marca?","Colores:
Evalúa la combinación de colores utilizada en el logo. ¿Son atractivos y adecuados para la marca? ¿Transmiten las emociones o valores correctos?","Cuando ves y dices el nombre de este logo en voz alta ¿Qué te transmite?","Si tuvieras qué describir el logo a una persona que nunca lo ha visto ¿Cómo lo harías?","Composición:
Se refiere a la disposición y equilibrio de los elementos dentro del logo, incluyendo tipografía, íconos, y formas. ¿Se ve visualmente armonioso y bien estructurado?","Claridad:
Mide qué tan fácil es entender el logo a primera vista. ¿Es legible y reconocible en distintos tamaños y formatos? ¿Comunica claramente el mensaje de la marca?","Colores:
Evalúa la combinación de colores utilizada en el logo. ¿Son atractivos y adecuados para la marca? ¿Transmiten las emociones o valores correctos?","Cuando ves y dices el nombre de este logo en voz alta ¿Qué te transmite?","Si tuvieras qué describir el logo a una persona que nunca lo ha visto ¿Cómo lo harías?"
"2025/02/10 11:39:50 a.m. GMT-5","3","3","2","Algo promocional o algo así ","Algo muy tecnologico","5","5","5",":)","Chevere"
"2025/02/10 11:39:55 a.m. GMT-5","5","5","5","Conexión ","Parecido a una cruz ","5","4","4","Conexión ","Parecido a una cruz"
"2025/02/10 11:39:59 a.m. GMT-5","4","5","4","Arréglame ","Medicina y tecnologia","4","3","3","Mejorar la medicina con tecnologia","Medicina y tecnologia"
"2025/02/10 11:40:15 a.m. GMT-5","5","5","5","Innovacion","Es una cruz","5","5","5","Es una cruz de dos colores con una combinación linda","Paz"
"2025/02/10 11:40:21 a.m. GMT-5","3","2","4","Muy largo","Es una cruz","2","2","2","Muy largo","Una cruz, me gusta el subtítulo de abajo"
"2025/02/10 11:40:23 a.m. GMT-5","3","1","4","Nombre de un juego","Es una cruz gamer","4","3","1","Es el mismo XDDDDD (el texto)","Otra cruz pero ying yang"
"2025/02/10 11:40:35 a.m. GMT-5","5","5","4","Innovación ","Coloridad","3","2","3","Innovación ","Minimalista ? No sé "
"2025/02/10 11:40:41 a.m. GMT-5","4","3","4","Unión, alianza, apoyo","Sencillo, relacionado con la salud y con colores bonitos","4","4","4","Es elegante, sencillo, me transmite confianza","Elegante, con bonitos colores y tipo de letra."
"2025/02/10 11:40:48 a.m. GMT-5","5","5","5","Nose","Una cruz con diferentes conecciones q llevan a un corazón ","3","3","3","Nose","Esq casi no me gusto ☺️"
"2025/02/10 11:41:38 a.m. GMT-5","4","4","3","Algo como parche de salud ","La cruz tecnológica ","5","4","4","Salud","La cruz tecnológica más profesional "
"2025/02/10 11:41:45 a.m. GMT-5","5","5","4","Me transmite solo tratamientos","Que el logo es una cruz (como de un botiquin) y adentro un corazonsito","3","4","4","Lo mismo que el anterior pero partido a la mitad y en rayos equis","Lo mismo que el anterior pero con mas negro "
"2025/02/12 6:46:56 p.m. GMT-5","3","3","2","Mejoramiento","Es un identificador con un isotipo en sketch, muy colorido y una tipografía poco alineada con este identificador. Me encanta el simbolismo gráfico y color del isotipo","3","3","2","Mejora tecnológica","Un isotipo no tan chevere como uno que ví anteriormente.Con problemas tipográficos. Postada: 'Está genial el primero, simplificaría la tipografía' Saludos"